"Message",Low,"Uruchamianie kompilacji platformy .NET Native"
"Message",Low,""
"Message",Low,""
"Message",Low,"Zadanie „Gatekeeper”"
"Message",Normal,"Launching 'C:\Program Files (x86)\Microsoft SDKs\UWPNuGetPackages\microsoft.net.native.compiler\1.7.6\tools\x64\ilc\Tools\Gatekeeper.exe @""H:\Visual Studio Projects\zbijak_github\ZbijakGame-master\ZbijakGame\obj\x64\Release\ilc\intermediate\gkargs.rsp""'"
"Message",Low,"Microsoft (R) .NET Native Gatekeeper wersja 1.7.27420.00 "
"Message",Low,"Copyright (C) Microsoft Corporation.  All rights reserved. "
"Message",Low," "
"Message",Low,"Sprawdzanie zestawu ,H:\Visual Studio Projects\zbijak_github\ZbijakGame-master\ZbijakGame\obj\x64\Release\ilc\in\ZbijakGame.exe"". "
"Message",Normal,"'C:\Program Files (x86)\Microsoft SDKs\UWPNuGetPackages\microsoft.net.native.compiler\1.7.6\tools\x64\ilc\Tools\Gatekeeper.exe @""H:\Visual Studio Projects\zbijak_github\ZbijakGame-master\ZbijakGame\obj\x64\Release\ilc\intermediate\gkargs.rsp""' completed."
"Message",Normal,"Process execution statistics (all times in milliseconds)"
"Message",Normal,"-----------------------------------------------------------------------------"
"Message",Normal,"launch  |  start   |   stop   |   end    | duration | lifetime | [slot] name"
"Message",Normal,"-----------------------------------------------------------------------------"
"Message",Normal,"       0 |       16 |      375 |      375 |      359 |      375 | [0] Gatekeeper"
"Message",Normal,"Number of commands:      1"
"Message",Normal,"Total system time:       375 ms"
"Message",Normal,"System time per command: 375 ms"
"Message",Normal,"Total duration:          359 ms"
"Message",Normal,"Total lifetime:          375 ms"
"Message",Normal,"Requested DOP:           4"
"Message",Normal,"Duration DOP:            1,0"
"Message",Normal,"Lifetime DOP:            1,0"
"Message",Low,"Zakończono wykonywanie zadania „Gatekeeper”."
"Message",Low,"Zakończono kompilowanie celu „RunGatekeeper” w pliku „Preparation”."
"Message",Low,""
"Message",Low,"Zadanie „InjectWindowsRuntimeTypeForwards”"
"Message",Normal,"Running 'InjectWindowsRuntimeTypeForwards' transform, heap at 9 MB."
"Message",Normal,"Running 'WriteAssemblies' transform, heap at 13 MB."
"Message",Normal,""
"Message",Normal,"Transform summary"
"Message",Normal,"    ms | heap delta | name"
"Message",Normal,"   280 |          4 | InjectWindowsRuntimeTypeForwards"
"Message",Normal,"   267 |          2 | WriteAssemblies"
"Message",Low,"Zakończono wykonywanie zadania „InjectWindowsRuntimeTypeForwards”."
"Message",Low,"Zakończono kompilowanie celu „InjectWindowRuntimeTypeForwards” w pliku „Preparation”."
"Message",Low,""
"Message",Low,"Zadanie „PreResolveAssemblyClosure”"
"Message",Low,"Zakończono wykonywanie zadania „PreResolveAssemblyClosure”."
"Message",Low,"Zakończono kompilowanie celu „PreResolveTransforms” w pliku „Preparation”."
"Message",Low,""
"Message",Low,"Zadanie „InitialAssemblyClosure”"
"Message",Low,"Zakończono wykonywanie zadania „InitialAssemblyClosure”."
"Message",Low,"Zadanie „ResolveInitialReferencesAssemblyClosure1”"
"Message",Low,"Zakończono wykonywanie zadania „ResolveInitialReferencesAssemblyClosure1”."
"Message",Low,"Zadanie „ResolveInitialReferencesAssemblyClosure2”"
"Message",Low,"Zakończono wykonywanie zadania „ResolveInitialReferencesAssemblyClosure2”."
"Message",Low,"Zakończono kompilowanie celu „ResolveInitialReferences” w pliku „Preparation”."
"Message",Low,"Zakończono kompilowanie projektu „Preparation”."
"Message",Low,""
"Message",Low,""
"Message",High,"Przetwarzanie kodu aplikacji"
"Message",Low,"Zadanie „ValidateSimpleNames”"
"Message",Low,"Zakończono wykonywanie zadania „ValidateSimpleNames”."
"Message",Low,"Zadanie „McgContractsResolveFilePath”"
"Message",Low,"Zakończono wykonywanie zadania „McgContractsResolveFilePath”."
"Message",Low,"Zadanie „McgFacadeResolveFilePath”"
"Message",Low,"Zakończono wykonywanie zadania „McgFacadeResolveFilePath”."
"Message",Low,"Zadanie „FinalAssemblyClosureRootsResolveFilePaths”"
"Message",Low,"Zakończono wykonywanie zadania „FinalAssemblyClosureRootsResolveFilePaths”."
"Message",Low,"Zadanie „FinalAssemblyClosure”"
"Message",Low,"Zakończono wykonywanie zadania „FinalAssemblyClosure”."
"Message",Low,"Zadanie „RunILTransforms”"
"Message",Normal,"Running 'Analysis' transform, heap at 46 MB."
"Message",Low,"Loading 60 modules..."
"Message",Normal,"Imported reflection directives from 7 files:"
"Message",Normal,"H:\Visual Studio Projects\zbijak_github\ZbijakGame-master\ZbijakGame\obj\x64\Release\ilc\in\Properties\Default.rd.xml"
"Message",Normal,"Osadzono manifest w System.Diagnostics.Tracing: Resources.System.Diagnostics.Tracing.rd.xml"
"Message",Normal,"Osadzono manifest w System.Private.Reflection: System.Private.Reflection.rd.xml"
"Message",Normal,"Osadzono manifest w System.Private.CoreLib: Resources.System.Private.CoreLib.rd.xml"
"Message",Normal,"Osadzono manifest w System.Private.Uri: Resources.System.Private.Uri.rd.xml"
"Message",Normal,"Osadzono manifest w System.Private.Reflection.Core: System.Private.Reflection.Core.rd.xml"
"Message",Normal,"Osadzono manifest w System.Private.Interop: Resources.System.Private.Interop.rd.xml"
"Message",Normal,"Imported XAML Roots from 1 files:"
"Message",Normal,"H:\Visual Studio Projects\zbijak_github\ZbijakGame-master\ZbijakGame\obj\x64\Release\ilc\in\ZbijakGame.xr.xml"
"Message",Normal,"Running 'Mcg' transform, heap at 142 MB."
"Message",High,"Computing application closure and generating interop code"
"Message",Normal,"  Lista plików lib:"
"Message",Normal,"      WindowsApp.lib"
"Message",Normal,"      winsqlite3.lib"
"Message",Normal,"  Lista ścieżek wyszukiwania plików lib:"
"Message",Normal,"      C:\Program Files (x86)\Windows Kits\10\lib\10.0.17763.0\um\x64"
"Message",Normal,"  Trwa ładowanie eksportów z plików lib..."
"Message",Normal,"      Odczytano eksporty (3237) z „C:\Program Files (x86)\Windows Kits\10\lib\10.0.17763.0\um\x64\WindowsApp.lib”."
"Message",Normal,"      Odczytano eksporty (248) z „C:\Program Files (x86)\Windows Kits\10\lib\10.0.17763.0\um\x64\winsqlite3.lib”."
"Message",High,"  Trwa ładowanie 60 modułów..."
"Message",Normal,"          P/Invoke 'RhWaitForPendingFinalizers' with [DllImport(ExactSpelling=true)] resolved to '[MRT]!RhWaitForPendingFinalizers'."
"Message",Normal,"          P/Invoke 'RhYield' with [DllImport(ExactSpelling=true)] resolved to '[MRT]!RhYield'."
"Message",Normal,"          P/Invoke 'RhCompatibleReentrantWaitAny' with [DllImport(ExactSpelling=true)] resolved to '[MRT]!RhCompatibleReentrantWaitAny'."
"Message",Normal,"          P/Invoke '_ecvt_s' with [DllImport(ExactSpelling=true)] resolved to '[MRT]!_ecvt_s'."
"Message",Normal,"          P/Invoke 'memmove' with [DllImport(ExactSpelling=true)] resolved to '[MRT]!memmove'."
"Message",Normal,"          P/Invoke 'CallingConventionConverter_GetStubs' with [DllImport(ExactSpelling=true)] resolved to '*!CallingConventionConverter_GetStubs'."
"Message",Normal,"          P/Invoke 'GetLastError' resolved to 'api-ms-win-core-errorhandling-l1-1-0.dll!GetLastError' from 'C:\Program Files (x86)\Windows Kits\10\lib\10.0.17763.0\um\x64\WindowsApp.lib'."
"Message",Normal,"          P/Invoke 'RoInitialize' resolved to 'api-ms-win-core-winrt-l1-1-0.dll!RoInitialize' from 'C:\Program Files (x86)\Windows Kits\10\lib\10.0.17763.0\um\x64\WindowsApp.lib'."
"Message",Normal,"          P/Invoke 'IsValidLocaleName' resolved to 'api-ms-win-core-localization-l1-2-0.dll!IsValidLocaleName' from 'C:\Program Files (x86)\Windows Kits\10\lib\10.0.17763.0\um\x64\WindowsApp.lib'."
"Message",Normal,"          P/Invoke 'ResolveLocaleName' resolved to 'api-ms-win-core-localization-l1-2-0.dll!ResolveLocaleName' from 'C:\Program Files (x86)\Windows Kits\10\lib\10.0.17763.0\um\x64\WindowsApp.lib'."
"Message",Normal,"          P/Invoke 'GetCPInfoExW' resolved to 'api-ms-win-core-localization-l1-2-0.dll!GetCPInfoExW' from 'C:\Program Files (x86)\Windows Kits\10\lib\10.0.17763.0\um\x64\WindowsApp.lib'."
"Message",Normal,"          P/Invoke 'CoCreateInstance' with [DllImport(ExactSpelling=true)] resolved to 'api-ms-win-core-com-l1-1-0.dll!CoCreateInstance'."
"Message",Normal,"          P/Invoke '#6' resolved to 'oleaut32.dll!#6' from 'C:\Program Files (x86)\Windows Kits\10\lib\10.0.17763.0\um\x64\WindowsApp.lib'."
"Message",Normal,"          P/Invoke 'CreateDirectoryW' resolved to 'api-ms-win-core-file-l1-1-0.dll!CreateDirectoryW' from 'C:\Program Files (x86)\Windows Kits\10\lib\10.0.17763.0\um\x64\WindowsApp.lib'."
"Message",Normal,"          P/Invoke 'GetFileType' resolved to 'api-ms-win-core-file-l1-1-0.dll!GetFileType' from 'C:\Program Files (x86)\Windows Kits\10\lib\10.0.17763.0\um\x64\WindowsApp.lib'."
"Message",Normal,"          P/Invoke 'GetFileInformationByHandleEx' resolved to 'api-ms-win-core-file-l2-1-0.dll!GetFileInformationByHandleEx' from 'C:\Program Files (x86)\Windows Kits\10\lib\10.0.17763.0\um\x64\WindowsApp.lib'."
"Message",Normal,"          P/Invoke 'FindFirstFileExW' resolved to 'api-ms-win-core-file-l1-1-0.dll!FindFirstFileExW' from 'C:\Program Files (x86)\Windows Kits\10\lib\10.0.17763.0\um\x64\WindowsApp.lib'."
"Message",Normal,"          P/Invoke 'GetFileAttributesExW' resolved to 'api-ms-win-core-file-l1-1-0.dll!GetFileAttributesExW' from 'C:\Program Files (x86)\Windows Kits\10\lib\10.0.17763.0\um\x64\WindowsApp.lib'."
"Message",Normal,"          P/Invoke 'CreateThreadpoolIo' resolved to 'api-ms-win-core-threadpool-l1-2-0.dll!CreateThreadpoolIo' from 'C:\Program Files (x86)\Windows Kits\10\lib\10.0.17763.0\um\x64\WindowsApp.lib'."
"Message",Normal,"          P/Invoke 'SetFilePointerEx' resolved to 'api-ms-win-core-file-l1-1-0.dll!SetFilePointerEx' from 'C:\Program Files (x86)\Windows Kits\10\lib\10.0.17763.0\um\x64\WindowsApp.lib'."
"Message",Normal,"          P/Invoke 'SetEndOfFile' resolved to 'api-ms-win-core-file-l1-1-0.dll!SetEndOfFile' from 'C:\Program Files (x86)\Windows Kits\10\lib\10.0.17763.0\um\x64\WindowsApp.lib'."
"Message",Normal,"          P/Invoke 'CreateFile2' resolved to 'api-ms-win-core-file-l1-2-0.dll!CreateFile2' from 'C:\Program Files (x86)\Windows Kits\10\lib\10.0.17763.0\um\x64\WindowsApp.lib'."
"Message",Normal,"          P/Invoke 'CloseHandle' resolved to 'api-ms-win-core-handle-l1-1-0.dll!CloseHandle' from 'C:\Program Files (x86)\Windows Kits\10\lib\10.0.17763.0\um\x64\WindowsApp.lib'."
"Message",Normal,"          P/Invoke 'FindClose' resolved to 'api-ms-win-core-file-l1-1-0.dll!FindClose' from 'C:\Program Files (x86)\Windows Kits\10\lib\10.0.17763.0\um\x64\WindowsApp.lib'."
"Message",Normal,"          P/Invoke 'CloseThreadpoolIo' resolved to 'api-ms-win-core-threadpool-l1-2-0.dll!CloseThreadpoolIo' from 'C:\Program Files (x86)\Windows Kits\10\lib\10.0.17763.0\um\x64\WindowsApp.lib'."
"Message",Normal,"          P/Invoke 'ReadFile' resolved to 'api-ms-win-core-file-l1-1-0.dll!ReadFile' from 'C:\Program Files (x86)\Windows Kits\10\lib\10.0.17763.0\um\x64\WindowsApp.lib'."
"Message",Normal,"          P/Invoke 'ReadFile' resolved to 'api-ms-win-core-file-l1-1-0.dll!ReadFile' from 'C:\Program Files (x86)\Windows Kits\10\lib\10.0.17763.0\um\x64\WindowsApp.lib'."
"Message",Normal,"          P/Invoke 'WriteFile' resolved to 'api-ms-win-core-file-l1-1-0.dll!WriteFile' from 'C:\Program Files (x86)\Windows Kits\10\lib\10.0.17763.0\um\x64\WindowsApp.lib'."
"Message",Normal,"          P/Invoke 'WriteFile' resolved to 'api-ms-win-core-file-l1-1-0.dll!WriteFile' from 'C:\Program Files (x86)\Windows Kits\10\lib\10.0.17763.0\um\x64\WindowsApp.lib'."
"Message",Normal,"          P/Invoke 'StartThreadpoolIo' resolved to 'api-ms-win-core-threadpool-l1-2-0.dll!StartThreadpoolIo' from 'C:\Program Files (x86)\Windows Kits\10\lib\10.0.17763.0\um\x64\WindowsApp.lib'."
"Message",Normal,"          P/Invoke 'CancelThreadpoolIo' resolved to 'api-ms-win-core-threadpool-l1-2-0.dll!CancelThreadpoolIo' from 'C:\Program Files (x86)\Windows Kits\10\lib\10.0.17763.0\um\x64\WindowsApp.lib'."
"Message",Normal,"          P/Invoke 'CancelIoEx' resolved to 'api-ms-win-core-io-l1-1-0.dll!CancelIoEx' from 'C:\Program Files (x86)\Windows Kits\10\lib\10.0.17763.0\um\x64\WindowsApp.lib'."
"Message",Normal,"          P/Invoke 'FormatMessageW' resolved to 'api-ms-win-core-localization-l1-2-0.dll!FormatMessageW' from 'C:\Program Files (x86)\Windows Kits\10\lib\10.0.17763.0\um\x64\WindowsApp.lib'."
"Message",Normal,"          P/Invoke 'FlushFileBuffers' resolved to 'api-ms-win-core-file-l1-1-0.dll!FlushFileBuffers' from 'C:\Program Files (x86)\Windows Kits\10\lib\10.0.17763.0\um\x64\WindowsApp.lib'."
"Message",Normal,"          P/Invoke 'RoGetBufferMarshaler' resolved to 'api-ms-win-core-winrt-robuffer-l1-1-0.dll!RoGetBufferMarshaler' from 'C:\Program Files (x86)\Windows Kits\10\lib\10.0.17763.0\um\x64\WindowsApp.lib'."
"Message",High,"  Trwa generowanie kodu..."
"Message",High,"  Wygenerowano kod międzyoperacyjny."
"Message",Normal,"  Zapisano kod w lokalizacji AssemblyInfo.g.cs"
"Message",Normal,"  Zapisano kod w lokalizacji Adapters.g.cs"
"Message",Normal,"  Zapisano kod w lokalizacji Data.g.cs"
"Message",Normal,"  Zapisano kod w lokalizacji Helpers.g.cs"
"Message",Normal,"  Zapisano kod w lokalizacji ImplTypes.g.cs"
"Message",Normal,"  Zapisano kod w lokalizacji PInvoke.g.cs"
"Message",Normal,"  Zapisano kod w lokalizacji SafeTypes.g.cs"
"Message",Normal,"  Zapisano kod w lokalizacji SharedStubs.g.cs"
"Message",Normal,"Running 'GenerateCodeAndCompile' transform, heap at 143 MB."
"Message",High,"Generating serialization code"
"Message",High,"Compiling interop code"
"Message",Normal,"Compiling generated source code: C:\Program Files (x86)\Microsoft SDKs\UWPNuGetPackages\microsoft.net.native.compiler\1.7.6\tools\x64\ilc\csc\csc.exe /noconfig @""H:\Visual Studio Projects\zbijak_github\ZbijakGame-master\ZbijakGame\obj\x64\Release\ilc\intermediate\ZbijakGame.McgInterop.rsp"""
"Message",High,"Generating System.Reflection.DispatchProxy proxy code."
"Message",Normal,"Running 'DumpNativeResources' transform, heap at 143 MB."
"Message",Normal,"Running 'ReducedCopyInitialize' transform, heap at 143 MB."
"Message",Normal,"Running 'ReducedCopyEmptyTypes' transform, heap at 165 MB."
"Message",Normal,"Running 'ReducedCopyPopulateTypes' transform, heap at 167 MB."
"Message",Normal,"Running 'ReducedCopyLateMetadata' transform, heap at 178 MB."
"Message",Normal,"Running 'ReducedCopyMethodBodies' transform, heap at 188 MB."
"Message",Normal,"Running 'ReducedCopyComplete' transform, heap at 137 MB."
"Message",Normal,"Running 'ReducedCopyCleanup' transform, heap at 155 MB."
"Message",Normal,"Running 'DeveloperExperienceModeOnlyCodeRemover' transform, heap at 32 MB."
"Message",Normal,"Running 'ComImportDetector' transform, heap at 37 MB."
"Message",Normal,"Running 'McgAccessor' transform, heap at 37 MB."
"Message",Normal,"Running 'McgRedirect' transform, heap at 38 MB."
"Message",Normal,"Running 'McgRedirect' transform, heap at 40 MB."
"Message",Normal,"Running 'McgTypeOf' transform, heap at 41 MB."
"Message",Normal,"Running 'ExceptionMiniaturizer' transform, heap at 43 MB."
"Message",Normal,"Running 'EventSource' transform, heap at 51 MB."
"Message",Normal,"Running 'ValueType' transform, heap at 51 MB."
"Message",Normal,"Running 'Attribute' transform, heap at 51 MB."
"Message",Normal,"Running 'GetType' transform, heap at 51 MB."
"Message",Normal,"Running 'McgFixups' transform, heap at 51 MB."
"Message",Normal,"Running 'ResourceManagerCtor' transform, heap at 52 MB."
"Message",Normal,"Running 'TypeofTypeHandle' transform, heap at 52 MB."
"Message",Normal,"Running 'DispatchProxyIntrinsics' transform, heap at 54 MB."
"Message",Normal,"Running 'StaticInitData' transform, heap at 54 MB."
"Message",Normal,"Running 'StartupCodeInjector' transform, heap at 62 MB."
"Message",Normal,"Running 'InjectAppContextSwitches' transform, heap at 62 MB."
"Message",Normal,"Running 'ImplementLibraryDynamicInvokeHelpers' transform, heap at 62 MB."
"Message",Normal,"Running 'Delegate' transform, heap at 62 MB."
"Message",Normal,"Running 'DelegateCtorCall' transform, heap at 67 MB."
"Message",Normal,"Running 'LazyGenerics' transform, heap at 67 MB."
"Message",Normal,"Running 'AddReflectionBlockedAttributes' transform, heap at 74 MB."
"Message",Normal,"Running 'DisableOptimization' transform, heap at 74 MB."
"Message",Normal,"Running 'CreateMetadata' transform, heap at 74 MB."
"Message",Normal,"Running 'SaveRVAStatics' transform, heap at 81 MB."
"Message",Normal,"Running 'ReflectionInvoke' transform, heap at 81 MB."
"Message",Normal,"Running 'ScrubOpenCalls' transform, heap at 82 MB."
"Message",Normal,"Running 'ConvertCatchIntoFilter' transform, heap at 82 MB."
"Message",Normal,"Running 'ReflectionMappingInfoEmit' transform, heap at 82 MB."
"Message",Normal,"Running 'ConvertManagedWinMD' transform, heap at 82 MB."
"Message",Normal,"Running 'Reducer' transform, heap at 82 MB."
"Message",High,"Cleaning up unreferenced code"
"Message",Normal,"Running 'WriteAssemblies' transform, heap at 124 MB."
"Message",Normal,""
"Message",Normal,"Transform summary"
"Message",Normal,"    ms | heap delta | name"
"Message",Normal,"  4310 |         96 | Analysis"
"Message",Normal,"  3977 |          0 | GenerateCodeAndCompile"
"Message",Normal,"  2100 |        -57 | WriteAssemblies"
"Message",Normal,"   992 |          1 | Mcg"
"Message",Normal,"   697 |         22 | ReducedCopyInitialize"
"Message",Normal,"   422 |         42 | Reducer"
"Message",Normal,"   193 |        -51 | ReducedCopyMethodBodies"
"Message",Normal,"   192 |         18 | ReducedCopyComplete"
"Message",Normal,"   134 |          7 | CreateMetadata"
"Message",Normal,"   111 |         11 | ReducedCopyPopulateTypes"
"Message",Normal,"    75 |         10 | ReducedCopyLateMetadata"
"Message",Normal,"    57 |       -123 | ReducedCopyCleanup"
"Message",Normal,"    50 |          2 | McgRedirect"
"Message",Normal,"    47 |          7 | LazyGenerics"
"Message",Normal,"    44 |          2 | McgTypeOf"
"Message",Normal,"    43 |          8 | StaticInitData"
"Message",Normal,"    26 |          8 | ExceptionMiniaturizer"
"Message",Normal,"    25 |          2 | TypeofTypeHandle"
"Message",Normal,"    20 |          5 | Delegate"
"Message",Normal,"    19 |          1 | McgRedirect"
"Message",Normal,"    14 |          1 | McgAccessor"
"Message",Normal,"    12 |          2 | ReducedCopyEmptyTypes"
"Message",Normal,"    12 |          0 | DelegateCtorCall"
"Message",Normal,"    10 |          0 | SaveRVAStatics"
"Message",Normal,"     7 |          5 | DeveloperExperienceModeOnlyCodeRemover"
"Message",Normal,"     6 |          0 | DumpNativeResources"
"Message",Normal,"     5 |          1 | McgFixups"
"Message",Normal,"     4 |          0 | DispatchProxyIntrinsics"
"Message",Normal,"     3 |          0 | ScrubOpenCalls"
"Message",Normal,"     3 |          0 | GetType"
"Message",Normal,"     3 |          0 | StartupCodeInjector"
"Message",Normal,"     2 |          0 | ConvertCatchIntoFilter"
"Message",Normal,"     1 |          0 | ReflectionMappingInfoEmit"
"Message",Normal,"     1 |          1 | ReflectionInvoke"
"Message",Normal,"     1 |          0 | EventSource"
"Message",Normal,"     1 |          0 | Attribute"
"Message",Normal,"     1 |          0 | ValueType"
"Message",Normal,"     0 |          0 | ConvertManagedWinMD"
"Message",Normal,"     0 |          0 | ResourceManagerCtor"
"Message",Normal,"     0 |          0 | ComImportDetector"
"Message",Normal,"     0 |          0 | AddReflectionBlockedAttributes"
"Message",Normal,"     0 |          0 | InjectAppContextSwitches"
"Message",Normal,"     0 |          0 | ImplementLibraryDynamicInvokeHelpers"
"Message",Normal,"     0 |          0 | DisableOptimization"
"Message",Low,"Zakończono wykonywanie zadania „RunILTransforms”."
"Message",Low,"Zakończono kompilowanie celu „RunILTransforms” w pliku „ILTransforms”."
"Message",Low,"Zakończono kompilowanie projektu „ILTransforms”."
"Message",Low,""
"Message",Low,""
"Message",Low,"Zakończono kompilowanie celu „GenerateMDIL” w pliku „Nutc”."
"Message",Low,""
"Message",High,"Generowanie kodu natywnego"
"Message",Low,"Zakończono kompilowanie celu „MDILPrepareMultiFile” w pliku „Nutc”."
"Message",Low,""
"Message",Low,"Zakończono kompilowanie celu „SetBinaryForReferences” w pliku „Nutc”."
"Message",Low,""
"Message",Low,"Zadanie „GenerateMDILGlobalAnalysis”"
"Message",Normal,"Launching 'C:\Program Files (x86)\Microsoft SDKs\UWPNuGetPackages\microsoft.net.native.compiler\1.7.6\tools\x64\ilc\Tools\nutc_driver.exe @""H:\Visual Studio Projects\zbijak_github\ZbijakGame-master\ZbijakGame\obj\x64\Release\ilc\intermediate\MDIL\ZbijakGame.rsp""'"
"Message",Low,"Microsoft (R) MDIL Compiler - Version 1.7.27420.00"
"Message",Low,"Copyright (c) Microsoft Corporation.  All rights reserved."
"Message",Low,"Skanowanie typów wejściowych"
"Message",Low,"Skanowanie metod: 992."
"Message",Low,"Skanowanie metod: 987."
"Message",Low,"Skanowanie metod: 278."
"Message",Low,"Skanowanie metod: 219."
"Message",Low,"Skanowanie metod: 1600."
"Message",Low,"Skanowanie metod: 1053."
"Message",Low,"Skanowanie metod: 334."
"Message",Low,"Skanowanie metod: 220."
"Message",Low,"Skanowanie metod: 139."
"Message",Low,"Skanowanie metod: 101."
"Message",Low,"Skanowanie metod: 122."
"Message",Low,"Skanowanie metod: 71."
"Message",Low,"Skanowanie metod: 43."
"Message",Low,"Skanowanie metod: 75."
"Message",Low,"Skanowanie metod: 85."
"Message",Low,"Skanowanie metod: 117."
"Message",Low,"Skanowanie metod: 71."
"Message",Low,"Skanowanie metod: 44."
"Message",Low,"Skanowanie metod: 4."
"Message",Low,"Wczesne generowanie kodu"
"Message",Low,"Kompilowanie metod: 6555."
"Message",Low,"Odłożone generowanie kodu"
"Message",Low,"„H:\Visual Studio Projects\zbijak_github\ZbijakGame-master\ZbijakGame\obj\x64\Release\ilc\intermediate\MDIL\ZbijakGame.mdilexe” — generowanie zakończone pomyślnie"
"Message",Low,"„H:\Visual Studio Projects\zbijak_github\ZbijakGame-master\ZbijakGame\obj\x64\Release\ilc\intermediate\MDIL\ZbijakGame.mdilpdb” — generowanie zakończone pomyślnie"
"Message",Normal,"'C:\Program Files (x86)\Microsoft SDKs\UWPNuGetPackages\microsoft.net.native.compiler\1.7.6\tools\x64\ilc\Tools\nutc_driver.exe @""H:\Visual Studio Projects\zbijak_github\ZbijakGame-master\ZbijakGame\obj\x64\Release\ilc\intermediate\MDIL\ZbijakGame.rsp""' completed."
"Message",Normal,"Process execution statistics (all times in milliseconds)"
"Message",Normal,"-----------------------------------------------------------------------------"
"Message",Normal,"launch  |  start   |   stop   |   end    | duration | lifetime | [slot] name"
"Message",Normal,"-----------------------------------------------------------------------------"
"Message",Normal,"       0 |       31 |     3969 |     3969 |     3938 |     3969 | [0] Nutc GlobalAnalysis"
"Message",Normal,"Number of commands:      1"
"Message",Normal,"Total system time:       3969 ms"
"Message",Normal,"System time per command: 3969 ms"
"Message",Normal,"Total duration:          3938 ms"
"Message",Normal,"Total lifetime:          3969 ms"
"Message",Normal,"Requested DOP:           4"
"Message",Normal,"Duration DOP:            1,0"
"Message",Normal,"Lifetime DOP:            1,0"
"Message",Low,"Zakończono wykonywanie zadania „GenerateMDILGlobalAnalysis”."
"Message",Low,"Zakończono kompilowanie celu „GenerateMDILGlobalAnalysis” w pliku „Nutc”."
"Message",Low,""
"Message",Low,"Zadanie „rc”"
"Message",Normal,"Launching 'C:\Program Files (x86)\Windows Kits\10\bin\10.0.17763.0\x64\rc.exe /c ""65001"" /r /fo ""H:\Visual Studio Projects\zbijak_github\ZbijakGame-master\ZbijakGame\obj\x64\Release\ilc\intermediate\BuildInfo\BuildInfo.res"" ""H:\Visual Studio Projects\zbijak_github\ZbijakGame-master\ZbijakGame\obj\x64\Release\ilc\intermediate\BuildInfo\BuildInfo.rc""'"
"Message",Low,"Microsoft (R) Windows (R) Resource Compiler Version 10.0.10011.16384"
"Message",Low,"Copyright (C) Microsoft Corporation.  All rights reserved."
"Message",Normal,"'C:\Program Files (x86)\Windows Kits\10\bin\10.0.17763.0\x64\rc.exe /c ""65001"" /r /fo ""H:\Visual Studio Projects\zbijak_github\ZbijakGame-master\ZbijakGame\obj\x64\Release\ilc\intermediate\BuildInfo\BuildInfo.res"" ""H:\Visual Studio Projects\zbijak_github\ZbijakGame-master\ZbijakGame\obj\x64\Release\ilc\intermediate\BuildInfo\BuildInfo.rc""' completed."
"Message",Normal,"Process execution statistics (all times in milliseconds)"
"Message",Normal,"-----------------------------------------------------------------------------"
"Message",Normal,"launch  |  start   |   stop   |   end    | duration | lifetime | [slot] name"
"Message",Normal,"-----------------------------------------------------------------------------"
"Message",Normal,"       0 |       16 |       62 |       62 |       46 |       62 | [0] rc"
"Message",Normal,"Number of commands:      1"
"Message",Normal,"Total system time:       62 ms"
"Message",Normal,"System time per command: 62 ms"
"Message",Normal,"Total duration:          46 ms"
"Message",Normal,"Total lifetime:          62 ms"
"Message",Normal,"Requested DOP:           4"
"Message",Normal,"Duration DOP:            0,7"
"Message",Normal,"Lifetime DOP:            1,0"
"Message",Low,"Zakończono wykonywanie zadania „rc”."
"Message",Low,"Zadanie „ResourceBinaryConcatenate”"
"Message",Normal,"Concatenating into 'H:\Visual Studio Projects\zbijak_github\ZbijakGame-master\ZbijakGame\obj\x64\Release\ilc\intermediate\Native.res' with alignment '4'."
"Message",Normal," Added 'H:\Visual Studio Projects\zbijak_github\ZbijakGame-master\ZbijakGame\obj\x64\Release\ilc\intermediate\ILTransformed\ZbijakGame.res' at offset 0."
"Message",Normal," Added 'H:\Visual Studio Projects\zbijak_github\ZbijakGame-master\ZbijakGame\obj\x64\Release\ilc\intermediate\BuildInfo\BuildInfo.res' at offset 1400."
"Message",Low,"Zakończono wykonywanie zadania „ResourceBinaryConcatenate”."
"Message",Low,"Zakończono kompilowanie celu „GenerateBuildInfo” w pliku „Nutc”."
"Message",Low,"Zakończono kompilowanie projektu „Nutc”."
"Message",Low,""
"Message",Low,""
"Message",Low,"Zakończono kompilowanie celu „MDILBindPrepare” w pliku „Binder”."
"Message",Low,""
"Message",High,"Generowanie napraw dla kodu natywnego"
"Message",Low,"Zadanie „MDILBind”"
"Message",Normal,"Launching 'C:\Program Files (x86)\Microsoft SDKs\UWPNuGetPackages\microsoft.net.native.compiler\1.7.6\tools\x64\ilc\Tools\rhbind.exe @""H:\Visual Studio Projects\zbijak_github\ZbijakGame-master\ZbijakGame\obj\x64\Release\ilc\intermediate\rhbindargs.ZbijakGame.rsp""'"
"Message",Low,"WERSJA SYSTEMU OPERACYJNEGO: główna: 6  pomocnicza: 2"
"Message",Low,"MDIL: H:\Visual Studio Projects\zbijak_github\ZbijakGame-master\ZbijakGame\obj\x64\Release\ilc\intermediate\MDIL\ZbijakGame.mdilexe"
"Message",Low,"MDILPDB: H:\Visual Studio Projects\zbijak_github\ZbijakGame-master\ZbijakGame\obj\x64\Release\ilc\intermediate\MDIL\ZbijakGame.mdilpdb"
"Message",Low,"IL: H:\Visual Studio Projects\zbijak_github\ZbijakGame-master\ZbijakGame\obj\x64\Release\ilc\intermediate\MDIL\ZbijakGame.ilexe"
"Message",Low,"NI: H:\Visual Studio Projects\zbijak_github\ZbijakGame-master\ZbijakGame\obj\x64\Release\ilc\intermediate\Native\ZbijakGame.dll"
"Message",Low,"SHIM: H:\Visual Studio Projects\zbijak_github\ZbijakGame-master\ZbijakGame\obj\x64\Release\ilc\intermediate\Native\ZbijakGame.exe"
"Message",Low,"REDHAWK_RUNTIME_DLL_NAME_A=mrt100_app.dll"
"Message",Low,"Plik pdb: H:\Visual Studio Projects\zbijak_github\ZbijakGame-master\ZbijakGame\obj\x64\Release\ilc\intermediate\Native\ZbijakGame.pdb"
"Message",Low,"Utworzono H:\Visual Studio Projects\zbijak_github\ZbijakGame-master\ZbijakGame\obj\x64\Release\ilc\intermediate\Native\ZbijakGame.dll w czasie 0.448 s"
"Message",Normal,"'C:\Program Files (x86)\Microsoft SDKs\UWPNuGetPackages\microsoft.net.native.compiler\1.7.6\tools\x64\ilc\Tools\rhbind.exe @""H:\Visual Studio Projects\zbijak_github\ZbijakGame-master\ZbijakGame\obj\x64\Release\ilc\intermediate\rhbindargs.ZbijakGame.rsp""' completed."
"Message",Normal,"Process execution statistics (all times in milliseconds)"
"Message",Normal,"-----------------------------------------------------------------------------"
"Message",Normal,"launch  |  start   |   stop   |   end    | duration | lifetime | [slot] name"
"Message",Normal,"-----------------------------------------------------------------------------"
"Message",Normal,"       0 |        0 |      500 |      500 |      500 |      500 | [0] rhbind ZbijakGame"
"Message",Normal,"Number of commands:      1"
"Message",Normal,"Total system time:       500 ms"
"Message",Normal,"System time per command: 500 ms"
"Message",Normal,"Total duration:          500 ms"
"Message",Normal,"Total lifetime:          500 ms"
"Message",Normal,"Requested DOP:           4"
"Message",Normal,"Duration DOP:            1,0"
"Message",Normal,"Lifetime DOP:            1,0"
"Message",Low,"Zakończono wykonywanie zadania „MDILBind”."
"Message",Low,"Zakończono kompilowanie celu „MDILBind” w pliku „Binder”."
"Message",Low,"Zakończono kompilowanie projektu „Binder”."
"Message",Low,""
"Message",Low,""
"Message",Low,"Zakończono kompilowanie celu „CopyNativeExecutablesToOutput” w pliku „Deployment”."
"Message",Low,""
"Message",Low,"Zadanie „TransformAppxManifest”"
"Message",Low,"Zakończono wykonywanie zadania „TransformAppxManifest”."
"Message",Low,"Zakończono kompilowanie celu „TransformAppxManifestAndAddCrt” w pliku „Deployment”."
"Message",Low,""
"Message",Low,"Zakończono kompilowanie celu „CopyPackageResourceFileInRetailBuild” w pliku „Deployment”."
"Message",Low,"Zakończono kompilowanie projektu „Deployment”."
"Message",Low,"Kompilacja została zakończona"
